origin_date,target_date,candidate_cells,actual_fires_total,actual_fires_in_candidate,hits,false_alarms,misses_in_candidate,misses_outside_candidate,total_misses,precision,candidate_recall,candidate_f1,full_spatial_recall,full_spatial_f1,false_positive_rate
2024-02-15,2024-02-16,61,36,1,1,43,0,35,35,0.0227,1.0,0.0444,0.0278,0.025,0.7167
2024-02-28,2024-02-29,47,32,2,2,32,0,30,30,0.0588,1.0,0.1111,0.0625,0.0606,0.7111
2024-03-10,2024-03-11,76,49,2,1,55,1,47,48,0.0179,0.5,0.0345,0.0204,0.019,0.7432
2024-03-20,2024-03-21,59,19,0,0,28,0,19,19,0.0,0.0,0.0,0.0,0.0,0.4746
2024-03-30,2024-03-31,98,48,1,1,81,0,47,47,0.0122,1.0,0.0241,0.0208,0.0154,0.8351
2024-04-10,2024-04-11,105,21,0,0,78,0,21,21,0.0,0.0,0.0,0.0,0.0,0.7429
2024-04-20,2024-04-21,134,38,5,2,115,3,33,36,0.0171,0.4,0.0328,0.0526,0.0258,0.8915
2024-04-30,2024-05-01,124,98,0,0,106,0,98,98,0.0,0.0,0.0,0.0,0.0,0.8548
2024-05-10,2024-05-11,63,25,1,1,44,0,24,24,0.0222,1.0,0.0435,0.04,0.0286,0.7097
2024-05-25,2024-05-26,55,18,2,2,30,0,16,16,0.0625,1.0,0.1176,0.1111,0.08,0.566
2025-02-15,2025-02-16,69,44,4,4,57,0,40,40,0.0656,1.0,0.1231,0.0909,0.0762,0.8769
2025-02-28,2025-03-01,79,50,0,0,75,0,50,50,0.0,0.0,0.0,0.0,0.0,0.9494
2025-03-10,2025-03-11,142,78,6,4,106,2,72,74,0.0364,0.6667,0.069,0.0513,0.0426,0.7794
2025-03-20,2025-03-21,143,52,5,5,122,0,47,47,0.0394,1.0,0.0758,0.0962,0.0559,0.8841
2025-03-30,2025-03-31,194,111,3,3,182,0,108,108,0.0162,1.0,0.0319,0.027,0.0203,0.9529
2025-04-10,2025-04-11,111,48,1,1,88,0,47,47,0.0112,1.0,0.0222,0.0208,0.0146,0.8
2025-04-20,2025-04-21,101,60,3,2,79,1,57,58,0.0247,0.6667,0.0476,0.0333,0.0284,0.8061
2025-04-30,2025-05-01,83,46,1,1,63,0,45,45,0.0156,1.0,0.0308,0.0217,0.0182,0.7683
2025-05-10,2025-05-11,54,33,2,2,40,0,31,31,0.0476,1.0,0.0909,0.0606,0.0533,0.7692
2025-05-25,2025-05-26,33,5,0,0,8,0,5,5,0.0,0.0,0.0,0.0,0.0,0.2424
