comparison,model_a,model_b,metric,observed_delta,ci_95_lower,ci_95_upper,ci_excludes_zero
Multimodal_Effect_in_HGB,ExpB_HGB_39_Multimodal,ExpA_HGB_31_Baseline,roc_auc,0.0272,0.0218,0.0323,True
Multimodal_Effect_in_HGB,ExpB_HGB_39_Multimodal,ExpA_HGB_31_Baseline,pr_auc,0.0322,0.026,0.0386,True
Multimodal_Effect_in_HGB,ExpB_HGB_39_Multimodal,ExpA_HGB_31_Baseline,brier,-0.0043,-0.0053,-0.0033,True
Multimodal_Effect_in_HGB,ExpB_HGB_39_Multimodal,ExpA_HGB_31_Baseline,f1,-0.0128,-0.0189,-0.0069,True
Multimodal_Effect_in_LGBM,ExpD_LGBM_39_Multimodal,ExpC_LGBM_31_Baseline,roc_auc,0.0306,0.0254,0.0356,True
Multimodal_Effect_in_LGBM,ExpD_LGBM_39_Multimodal,ExpC_LGBM_31_Baseline,pr_auc,0.0341,0.0281,0.0406,True
Multimodal_Effect_in_LGBM,ExpD_LGBM_39_Multimodal,ExpC_LGBM_31_Baseline,brier,-0.0051,-0.006,-0.0042,True
Multimodal_Effect_in_LGBM,ExpD_LGBM_39_Multimodal,ExpC_LGBM_31_Baseline,f1,0.0029,-0.0024,0.0081,False
Model_Family_Effect_in_31_Baseline,ExpC_LGBM_31_Baseline,ExpA_HGB_31_Baseline,roc_auc,0.0017,-0.0018,0.005,False
Model_Family_Effect_in_31_Baseline,ExpC_LGBM_31_Baseline,ExpA_HGB_31_Baseline,pr_auc,0.0038,0.0003,0.0074,True
Model_Family_Effect_in_31_Baseline,ExpC_LGBM_31_Baseline,ExpA_HGB_31_Baseline,brier,-0.0003,-0.0008,0.0001,False
Model_Family_Effect_in_31_Baseline,ExpC_LGBM_31_Baseline,ExpA_HGB_31_Baseline,f1,-0.0017,-0.0056,0.0023,False
Model_Family_Effect_in_39_Multimodal,ExpD_LGBM_39_Multimodal,ExpB_HGB_39_Multimodal,roc_auc,0.0052,0.0026,0.0078,True
Model_Family_Effect_in_39_Multimodal,ExpD_LGBM_39_Multimodal,ExpB_HGB_39_Multimodal,pr_auc,0.0056,0.0028,0.0085,True
Model_Family_Effect_in_39_Multimodal,ExpD_LGBM_39_Multimodal,ExpB_HGB_39_Multimodal,brier,-0.0011,-0.0016,-0.0006,True
Model_Family_Effect_in_39_Multimodal,ExpD_LGBM_39_Multimodal,ExpB_HGB_39_Multimodal,f1,0.014,0.0099,0.0181,True
