model_id,features,calibration_method,is_validation_selected,val_brier_score,accuracy,precision,recall,f1,roc_auc,pr_auc,brier_score,ece,mce
ExpA_HGB_31_Baseline,31,raw,False,0.238503,0.5626,0.5591,0.5928,0.5755,0.5908,0.5736,0.2425,0.0092,0.0661
ExpA_HGB_31_Baseline,31,platt,False,0.238288,0.5624,0.5527,0.6548,0.5995,0.5908,0.5736,0.2426,0.0092,0.0872
ExpA_HGB_31_Baseline,31,isotonic,True,0.237513,0.5585,0.5414,0.7669,0.6347,0.5903,0.5674,0.2427,0.0137,0.1227
ExpB_HGB_39_Multimodal,39,raw,False,0.232563,0.5772,0.5806,0.5561,0.5681,0.6179,0.6057,0.2381,0.0132,0.0422
ExpB_HGB_39_Multimodal,39,platt,False,0.23242,0.5778,0.5746,0.5992,0.5867,0.6179,0.6057,0.2383,0.0173,0.0414
ExpB_HGB_39_Multimodal,39,isotonic,True,0.231402,0.5785,0.5726,0.6197,0.5952,0.6173,0.5968,0.2384,0.0177,0.1167
ExpC_LGBM_31_Baseline,31,raw,False,0.239057,0.5639,0.5617,0.5821,0.5718,0.5925,0.5773,0.2422,0.0119,0.035
ExpC_LGBM_31_Baseline,31,platt,False,0.238829,0.5638,0.5546,0.6482,0.5978,0.5925,0.5773,0.2422,0.0088,0.0375
ExpC_LGBM_31_Baseline,31,isotonic,True,0.237932,0.5633,0.5477,0.7267,0.6247,0.5923,0.57,0.2424,0.0153,0.0622
ExpD_LGBM_39_Multimodal,39,raw,False,0.231392,0.581,0.5887,0.5379,0.5622,0.6231,0.6114,0.2371,0.015,0.0682
ExpD_LGBM_39_Multimodal,39,platt,False,0.230791,0.5825,0.5756,0.6279,0.6006,0.6231,0.6114,0.2371,0.0143,0.0922
ExpD_LGBM_39_Multimodal,39,isotonic,True,0.229846,0.5844,0.5821,0.5988,0.5903,0.6218,0.6015,0.2375,0.0171,0.0749
Logistic_Regression_39,39,raw,False,0.239405,0.5561,0.559,0.5322,0.5453,0.5847,0.5684,0.244,0.0175,0.1184
Logistic_Regression_39,39,platt,False,0.239035,0.5596,0.5547,0.6055,0.579,0.5847,0.5684,0.244,0.0115,0.1318
Logistic_Regression_39,39,isotonic,True,0.23806,0.5597,0.554,0.6131,0.5821,0.584,0.5618,0.2446,0.0225,0.0909
Random_Forest_39,39,raw,False,0.235249,0.5744,0.5849,0.5128,0.5465,0.6102,0.5939,0.24,0.0159,0.1214
Random_Forest_39,39,platt,False,0.235051,0.5757,0.5799,0.55,0.5645,0.6102,0.5939,0.2403,0.0185,0.0775
Random_Forest_39,39,isotonic,True,0.233632,0.5751,0.5613,0.6883,0.6183,0.6094,0.5851,0.2402,0.0172,0.0772
