metric,effect_name,observed,ci_95_lower,ci_95_upper,ci_excludes_zero
roc_auc,feature_effect_hgb,0.0272,0.0218,0.0323,True
roc_auc,feature_effect_lgbm,0.0306,0.0254,0.0356,True
roc_auc,feature_main_effect,0.0289,0.024,0.0335,True
roc_auc,model_effect_31,0.0017,-0.0018,0.005,False
roc_auc,model_effect_39,0.0052,0.0026,0.0078,True
roc_auc,model_main_effect,0.0035,0.001,0.0056,True
roc_auc,interaction,0.0035,-0.0002,0.0073,False
pr_auc,feature_effect_hgb,0.0322,0.026,0.0386,True
pr_auc,feature_effect_lgbm,0.0341,0.0281,0.0406,True
pr_auc,feature_main_effect,0.0331,0.0272,0.0392,True
pr_auc,model_effect_31,0.0038,0.0003,0.0074,True
pr_auc,model_effect_39,0.0056,0.0028,0.0085,True
pr_auc,model_main_effect,0.0047,0.002,0.0072,True
pr_auc,interaction,0.0019,-0.0023,0.0059,False
brier,feature_effect_hgb,-0.0043,-0.0053,-0.0033,True
brier,feature_effect_lgbm,-0.0051,-0.006,-0.0042,True
brier,feature_main_effect,-0.0047,-0.0056,-0.0038,True
brier,model_effect_31,-0.0003,-0.0008,0.0001,False
brier,model_effect_39,-0.0011,-0.0016,-0.0006,True
brier,model_main_effect,-0.0007,-0.0011,-0.0004,True
brier,interaction,-0.0008,-0.0014,-0.0002,True
f1,feature_effect_hgb,-0.0128,-0.0189,-0.0069,True
f1,feature_effect_lgbm,0.0029,-0.0024,0.0081,False
f1,feature_main_effect,-0.005,-0.0099,-0.0002,True
f1,model_effect_31,-0.0017,-0.0056,0.0023,False
f1,model_effect_39,0.014,0.0099,0.0181,True
f1,model_main_effect,0.0062,0.0031,0.0089,True
f1,interaction,0.0157,0.0095,0.0212,True
