k,hits,total_positives,precision_at_k,recall_at_k,model_id
100,72,15764,0.72,0.0046,ExpA_HGB_31_Baseline
250,176,15764,0.704,0.0112,ExpA_HGB_31_Baseline
500,339,15764,0.678,0.0215,ExpA_HGB_31_Baseline
1000,653,15764,0.653,0.0414,ExpA_HGB_31_Baseline
2500,1532,15764,0.6128,0.0972,ExpA_HGB_31_Baseline
100,73,15764,0.73,0.0046,ExpB_HGB_39_Multimodal
250,191,15764,0.764,0.0121,ExpB_HGB_39_Multimodal
500,389,15764,0.778,0.0247,ExpB_HGB_39_Multimodal
1000,737,15764,0.737,0.0468,ExpB_HGB_39_Multimodal
2500,1737,15764,0.6948,0.1102,ExpB_HGB_39_Multimodal
100,87,15764,0.87,0.0055,ExpD_LGBM_39_Multimodal
250,201,15764,0.804,0.0128,ExpD_LGBM_39_Multimodal
500,400,15764,0.8,0.0254,ExpD_LGBM_39_Multimodal
1000,767,15764,0.767,0.0487,ExpD_LGBM_39_Multimodal
2500,1773,15764,0.7092,0.1125,ExpD_LGBM_39_Multimodal
