held_out_region,model_id,feature_count,n_train,n_val,n_test,test_fire_rate,accuracy,f1,roc_auc,pr_auc,brier_score,ece,mce,raw_brier,raw_ece,iso_brier,iso_ece
CENTRAL,HGB_31_Baseline,31,54438,9802,47397,0.5,0.5534,0.6048,0.5767,0.5607,0.2448,0.0143,0.0776,0.2447,0.0081,0.2452,0.0194
CENTRAL,LGBM_39_Multimodal,39,54438,9802,47397,0.5,0.6008,0.6118,0.6455,0.6358,0.2336,0.0162,0.462,0.2332,0.0094,0.2341,0.02
WESTERN_GHATS,HGB_31_Baseline,31,76580,13022,13475,0.4997,0.5423,0.5876,0.5571,0.5401,0.2481,0.0196,0.2361,0.2475,0.0131,0.2481,0.0224
WESTERN_GHATS,LGBM_39_Multimodal,39,76580,13022,13475,0.4997,0.5878,0.6036,0.637,0.6229,0.2354,0.0328,0.0932,0.2347,0.0224,0.2357,0.0341
NORTHEAST,HGB_31_Baseline,31,76227,13582,12041,0.5,0.5627,0.533,0.6028,0.5755,0.2409,0.0336,0.1219,0.2418,0.0469,0.2409,0.0327
NORTHEAST,LGBM_39_Multimodal,39,76227,13582,12041,0.5,0.593,0.5189,0.6565,0.6337,0.2336,0.0537,0.0825,0.2353,0.0673,0.2344,0.0566
NORTH,HGB_31_Baseline,31,69959,12928,20497,0.5003,0.5534,0.6163,0.5735,0.5533,0.2459,0.0192,0.1112,0.2454,0.0133,0.2462,0.0241
NORTH,LGBM_39_Multimodal,39,69959,12928,20497,0.5003,0.5957,0.5548,0.641,0.6247,0.2354,0.0314,0.4088,0.2365,0.0451,0.2359,0.0347
EAST,HGB_31_Baseline,31,67762,11024,27582,0.5004,0.5539,0.6125,0.5788,0.5701,0.2454,0.0223,0.1551,0.2446,0.0089,0.2458,0.0292
EAST,LGBM_39_Multimodal,39,67762,11024,27582,0.5004,0.5847,0.5788,0.6274,0.6307,0.2377,0.0295,0.1144,0.2373,0.023,0.239,0.0345
NORTHWEST,HGB_31_Baseline,31,78339,13712,10008,0.5005,0.5433,0.5823,0.5589,0.5459,0.2472,0.0209,0.0757,0.2467,0.0161,0.2473,0.0266
NORTHWEST,LGBM_39_Multimodal,39,78339,13712,10008,0.5005,0.5988,0.6214,0.6449,0.6336,0.2338,0.0217,0.0681,0.2332,0.0052,0.2342,0.0267
