citation,year,country_domain,data_sources,target,modalities,model,forecast_horizon,spatial_validation,uncertainty,event_representation,limitations,difference_from_our_system
"Reddy et al. (Current Science)",2017,"India (National)","MODIS Hotspots, FSI Forest Cover","Historical Fire Frequency","Spatial / Geographic","Decadal Density / AHP","None (Static)","No (National Climatology)","No","No (Point frequency)","Purely historical descriptive analysis; no weather or predictive ML","Our system performs causal spatiotemporal forward forecasting with ERA5 multi-timescale weather and real-time satellite telemetry."
"Kale et al. (Environ Monit Assess)",2017,"India (Western Ghats)","MODIS Hotspots, Bioclimatic variables","Fire Susceptibility Mapping","Topography, Bioclimate","Maximum Entropy (MaxEnt)","None (Static)","Random cross-validation","No","No (Static points)","Static susceptibility cannot forecast dynamic day-to-day wildfire ignition or spread; vulnerable to spatial autocorrelation.","Our system predicts forward-looking temporal horizons (T+24h, T+48h) and evaluates on geographically disjoint held-out regions."
"Cortez & Morais (EPIA)",2007,"Portugal (Montesinho)","Local weather station, FWI indices","Burned Area (Continuous)","Weather (instantaneous)","SVM, Multiple Regression","Instantaneous / 0-step","Random k-fold CV","No","No (Isolated points)","Small local dataset (517 cases); highly zero-inflated; severe overfitting on coordinates.","We evaluate across all sovereign India (131k points), model events across years 2018-2025, and use deep multimodal spatiotemporal fusion."
"Jain et al. (Environ. Rev.)",2020,"Global / North America","Review of 300+ Wildfire ML papers","Occurrence, Spread, Behavior","Literature Survey","Various (RF, ANN, SVM)","Mixed (0h to 24h)","Identified widespread spatial autocorrelation flaws","Rarely reported","Rarely implemented","Noted widespread lack of temporal leakage control and severe geographic overfitting in literature.","Directly incorporates Jain et al.'s recommendations: strict causal temporal split, disjoint regional validation, and probability calibration."
"Radke et al. (AAAI - FireCast)",2019,"United States","MODIS, Landsat, Elevation, Weather","Short-horizon Fire Perimeter Progression","Satellite imagery, DEM, Weather","2D Convolutional Neural Network","T+24h","Temporal holdout","No","Yes (Perimeter patches)","Requires high-resolution continuous imagery not available over whole subcontinent; computationally prohibitive.","We engineer a lightweight spatiotemporal event-clustering graph framework scalable across India on student workstation hardware."
"Huot et al. (NeurIPS / WildfireDB)",2022,"United States (CONUS)","VIIRS 375m, HRRR Weather","Wildfire Spread / Grid Occurrence","Weather, VIIRS, Topography","Deep Neural Networks, ConvLSTM","T+24h, T+48h","State-level holdout","No","Yes (Patch-level)","CONUS-specific HRRR model unavailable in South Asia; focus is on image segmentation patches.","We formulate India-wide multimodal forecasting using globally available ERA5-Land and FIRMS VIIRS telemetry with regional transfer testing."
"Andela et al. (Earth Syst. Sci. Data - Global Fire Atlas)",2019,"Global","MODIS Burned Area (MCD64A1 500m)","Historical Event Segmentation","Burned Area, Date of Detect","Spatiotemporal Clustering","None (Historical Reconstruction)","Global validation","No","Yes (Clustered Fire Events)","Retrospective global atlas without predictive forward forecasting capability.","We adopt spatiotemporal connected-component event clustering for prospective predictive forecasting of future event persistence and movement."
"Meyer et al. (Environ. Model. Softw.)",2018,"Europe / Global","Remote Sensing Environmental Covariates","Spatial Generalization","Spatial Covariates","Random Forest, Spatial CV","None","Area of Applicability (AOA)","Distance-to-support","No","Focuses solely on spatial mapping; does not model temporal fire dynamics or satellite revisit constraints.","We incorporate Area-of-Applicability/OOD distance alongside calibrated probabilities to flag predictions in ecologically unfamiliar regimes."
"Sharma et al. (Geocarto Int.)",2024,"India (Himalayan Foothills)","Sentinel-2, Landsat-8, Topography","Fire Susceptibility","Multispectral indices, DEM","XGBoost, Random Forest","None (Static)","70/30 Random Split","No","No","Subject to spatial autocorrelation leakage; cannot forecast dynamic fire weather changes.","Our system evaluates on strictly disjoint spatial and chronological regimes with dynamic ERA5 multi-timescale meteorological drivers."
"Our Proposed System (Major Project)",2026,"India (Subcontinent)","VIIRS 375m NRT, ERA5-Land, SRTM DEM, Soil/VPD","Future Fire Occurrence, Event Persistence & Movement","Weather (1d/3d/7d), Terrain, Fuel/Dryness, Fire History","Multimodal Spatiotemporal Deep Model + Calibrated Baselines","T+24h, T+48h (Defensible overpass horizons)","Contiguous Regional & Ecological Holdout","Calibrated (Brier, ECE) + Epistemic OOD","Yes (DBSCAN-ST Event Tracker)","Requires satellite revisit (not continuous 1h); empirical rather than physical fire spread","Combines event-centric spatiotemporal tracking, multi-timescale meteorology, terrain/fuel context, and strict leakage control."
